Hudud nomi;MFYlar nomi;District_id
;;
Farg‘ona shahar;Oybek;1
Farg‘ona shahar;Ma’rifat;1
Farg‘ona shahar;Furqat;1
Farg‘ona shahar;Simtepa;1
Farg‘ona shahar;Baxor;1
Farg‘ona shahar;Navro‘z;1
Farg‘ona shahar;Mash’al;1
Farg‘ona shahar;Yoshlar;1
Farg‘ona shahar;Yangi yo‘l;1
Farg‘ona shahar;Mirzo Ulug‘bek;1
Farg‘ona shahar;Farg‘ona;1
Farg‘ona shahar;Soy bo‘yi;1
Farg‘ona shahar;S.Temur;1
Farg‘ona shahar;A.Navoiy;1
Farg‘ona shahar;Gulzor;1
Farg‘ona shahar;Do‘stlik;1
Farg‘ona shahar;Sh.Rashidov;1
Farg‘ona shahar;Beglar;1
Farg‘ona shahar;Qirguli;1
Farg‘ona shahar;Sovurbuloq;1
Farg‘ona shahar;Jo‘ydam;1
Farg‘ona shahar;Yormozor;1
Farg‘ona shahar;Ipak yo‘li;1
Farg‘ona shahar;Shodlik;1
Farg‘ona shahar;Sharshara;1
Farg‘ona shahar;Oqariq;1
Farg‘ona shahar;Shodiyona;1
Farg‘ona shahar;Tinchlik;1
Farg‘ona shahar;Mustaqillik;1
Farg‘ona shahar;Beshbola;1
Farg‘ona shahar;Xo‘jamag‘iz;1
Farg‘ona shahar;Surxtepa;1
Farg‘ona shahar;Nafosat;1
Farg‘ona shahar;Soxibkor;1
Farg‘ona shahar;Afrosiyob;1
Farg‘ona shahar;O‘rmonchilar;1
Farg‘ona shahar;Oqariqobod;1
Farg‘ona shahar;Yangisoy;1
Farg‘ona shahar;Guliston;1
Farg‘ona shahar;Bo‘ston;1
Farg‘ona shahar;Istiqlol;1
Farg‘ona shahar;Bobur;1
Farg‘ona shahar;A.Qodiriy;1
Farg‘ona shahar;Lolazor;1
Farg‘ona shahar;Al-Xorazmiy;1
Farg‘ona shahar;A.Jomiy;1
Farg‘ona shahar;O‘zbekiston;1
Farg‘ona shahar;Madadkor;1
Farg‘ona shahar;To‘qimachilar;1
Farg‘ona shahar;Zarbdor;1
Farg‘ona shahar;1-Beshbola;1
Farg‘ona shahar;Ibn Sino;1
Farg‘ona shahar;Madaniyat;1
Farg‘ona shahar;Istiqbol;1
Farg‘ona shahar;Barkamol;1
Farg‘ona shahar;Kimyogar;1
Farg‘ona shahar;Mexribonlik;1
Farg‘ona shahar;Xuvaydo;1
Farg‘ona shahar;Navboxor;1
Farg‘ona shahar;Yulduz;1
Farg‘ona shahar;Beruniy;1
Farg‘ona shahar;Tabassum;1
Farg‘ona shahar;Xamkorlik;1
Farg‘ona shahar;Muruvvat;1
Farg‘ona shahar;Al-Farg‘oniy;1
Farg‘ona shahar;Ibrat;1
Farg‘ona shahar;Nodirabegim;1
Farg‘ona shahar;Parvoz;1
Farg‘ona shahar;Iftixor;1
Farg‘ona shahar;Shakarqishloq;1
Farg‘ona shahar;O‘rta sho‘ra;1
Farg‘ona shahar;Ilg‘or;1
Farg‘ona shahar;Chek-sho‘ra;1
Qo‘qon shahar;Shaldiramoq;2
Qo‘qon shahar;Vaqf Chorsu;2
Qo‘qon shahar;To‘g‘onboshi;2
Qo‘qon shahar;Yalong‘och ota;2
Qo‘qon shahar;Yangi chorsu;2
Qo‘qon shahar;Qalandarxona;2
Qo‘qon shahar;Yog‘ bozori;2
Qo‘qon shahar;Charxini ko‘prigi;2
Qo‘qon shahar;Noib ko‘prigi;2
Qo‘qon shahar;Qaymoqli guzar;2
Qo‘qon shahar;Kalvak;2
Qo‘qon shahar;Nonvoylik guzar;2
Qo‘qon shahar;Gʻisht ko‘prik;2
Qo‘qon shahar;Gʻalchasoy;2
Qo‘qon shahar;Parpashabof;2
Qo‘qon shahar;Artizon bo‘yi;2
Qo‘qon shahar;Gʻoziyog‘lik;2
Qo‘qon shahar;Achchikko‘l;2
Qo‘qon shahar;Chorchinor;2
Qo‘qon shahar;Qipchoqariq;2
Qo‘qon shahar;Islomobod;2
Qo‘qon shahar;Qo‘sh chinor;2
Qo‘qon shahar;Aziztepa;2
Qo‘qon shahar;Galabaqqollik;2
Qo‘qon shahar;To‘xlimergan;2
Qo‘qon shahar;Nurafshon;2
Qo‘qon shahar;Urganjibog‘;2
Qo‘qon shahar;At-Termiziy;2
Qo‘qon shahar;Avg‘onbog‘;2
Qo‘qon shahar;Ashurali Zoxiriy;2
Qo‘qon shahar;O‘rmonbog‘;2
Qo‘qon shahar;Rayxon;2
Qo‘qon shahar;Mustaqillik;2
Qo‘qon shahar;Zilol;2
Qo‘qon shahar;Yangi obod;2
Qo‘qon shahar;Bo‘ston;2
Qo‘qon shahar;Shirin;2
Qo‘qon shahar;Istiqbol;2
Qo‘qon shahar;Navro‘z;2
Qo‘qon shahar;Do‘stlik;2
Qo‘qon shahar;Oltin vodiy;2
Qo‘qon shahar;Muqumiy;2
Qo‘qon shahar;Shikorbegi;2
Qo‘qon shahar;Saodat;2
Qo‘qon shahar;Uzumzor;2
Qo‘qon shahar;Turkiston;2
Qo‘qon shahar;To‘laboy;2
Qo‘qon shahar;Katta Ganjiravon;2
Qo‘qon shahar;Toshkentli-guzar;2
Qo‘qon shahar;Mo‘yi-muborak;2
Qo‘qon shahar;Mingtut;2
Qo‘qon shahar;Oydinbuloq;2
Qo‘qon shahar;Ashirqulmergan;2
Quvasoy shahar;Bunyodkor;3
Quvasoy shahar;Polmon;3
Quvasoy shahar;Soy bo‘yi;3
Quvasoy shahar;Sufon;3
Quvasoy shahar;Cho‘lpon;3
Quvasoy shahar;Xamid Olimjon;3
Quvasoy shahar;Xuvaydo;3
Quvasoy shahar;Yuqori Mo‘yan;3
Quvasoy shahar;Yangi obod;3
Quvasoy shahar;Pastki Valik;3
Quvasoy shahar;Amir Temur;3
Quvasoy shahar;Hamdo‘stlik;3
Quvasoy shahar;Arsif;3
Quvasoy shahar;Alisher Navoiy;3
Quvasoy shahar;Bo‘ston;3
Quvasoy shahar;Namuna;3
Quvasoy shahar;Bog‘bon;3
Quvasoy shahar;Nayman;3
Quvasoy shahar;Mo‘yan;3
Quvasoy shahar;Mirzo Ulug‘bek;3
Quvasoy shahar;Qo‘chqorchi;3
Quvasoy shahar;Kokilon;3
Quvasoy shahar;Qalacha;3
Quvasoy shahar;Lashkar;3
Quvasoy shahar;Ziynat;3
Quvasoy shahar;Zebuniso;3
Quvasoy shahar;Yoshlik;3
Quvasoy shahar;Do‘stlik;3
Quvasoy shahar;Guliston;3
Quvasoy shahar;Isfayramsoy;3
Quvasoy shahar;Valik;3
Marg‘ilon shahar;Baxrin;4
Marg‘ilon shahar;Vatan;4
Marg‘ilon shahar;Do‘stlik;4
Marg‘ilon shahar;Ipakchi;4
Marg‘ilon shahar;Yo‘rmado‘z;4
Marg‘ilon shahar;Qashqar;4
Marg‘ilon shahar;Kosibchilik;4
Marg‘ilon shahar;Maorif;4
Marg‘ilon shahar;Miltiqsoz;4
Marg‘ilon shahar;Xo‘ja forso;4
Marg‘ilon shahar;Saxovat;4
Marg‘ilon shahar;Uvaysiy;4
Marg‘ilon shahar;A.Yassaviy;4
Marg‘ilon shahar;Guliston;4
Marg‘ilon shahar;Yovqochar;4
Marg‘ilon shahar;Zuxro;4
Marg‘ilon shahar;Ipak yo‘li;4
Marg‘ilon shahar;Qirguli;4
Marg‘ilon shahar;Nadirmat;4
Marg‘ilon shahar;Tog‘lik;4
Marg‘ilon shahar;Toshkesar;4
Marg‘ilon shahar;Tut tagi;4
Marg‘ilon shahar;Tuyagum;4
Marg‘ilon shahar;Yoyilma;4
Marg‘ilon shahar;Ariq bo‘yi;4
Marg‘ilon shahar;Z.M.Bobur;4
Marg‘ilon shahar;Galatoy;4
Marg‘ilon shahar;Istiqlol;4
Marg‘ilon shahar;Mustaqillik;4
Marg‘ilon shahar;Navro‘z;4
Marg‘ilon shahar;Navbaxor;4
Marg‘ilon shahar;Pichoqchi;4
Marg‘ilon shahar;Roxat;4
Marg‘ilon shahar;Terak tagi;4
Marg‘ilon shahar;Turon;4
Marg‘ilon shahar;Yangi obod;4
Marg‘ilon shahar;A.Navoiy;4
Marg‘ilon shahar;B.Marg‘iloniy;4
Marg‘ilon shahar;Go‘ravval;4
Marg‘ilon shahar;Yorqin;4
Marg‘ilon shahar;Mashad;4
Marg‘ilon shahar;Orol bo‘yi;4
Marg‘ilon shahar;Toshloq tepa;4
Marg‘ilon shahar;Charog‘on;4
Marg‘ilon shahar;O‘rda tagi;4
Marg‘ilon shahar;Chilonzor;4
Marg‘ilon shahar;Chor chinor;4
Marg‘ilon shahar;Yangi bog‘;4
Marg‘ilon shahar;Nurofshon;4
Marg‘ilon shahar;Yuksalish;4
Oltiariq tumani;Azimobod;5
Oltiariq tumani;Beglar;5
Oltiariq tumani;Beruniy;5
Oltiariq tumani;Birlashgan;5
Oltiariq tumani;Bozorboshi;5
Oltiariq tumani;Bug‘doychi;5
Oltiariq tumani;Bunyodkor;5
Oltiariq tumani;Bo‘ston;5
Oltiariq tumani;G‘ayrat;5
Oltiariq tumani;Gulobod;5
Oltiariq tumani;Do‘stlik;5
Oltiariq tumani;Yoshlik;5
Oltiariq tumani;Jarariq;5
Oltiariq tumani;Jarqo‘g‘on;5
Oltiariq tumani;Jonibek;5
Oltiariq tumani;Jo‘rak;5
Oltiariq tumani;Zarxal;5
Oltiariq tumani;Zilol;5
Oltiariq tumani;Zilxa;5
Oltiariq tumani;Ibn-Sino;5
Oltiariq tumani;Istiqlol;5
Oltiariq tumani;;5
Oltiariq tumani;Katput;5
Oltiariq tumani;Ko‘lbo‘yi;5
Oltiariq tumani;Ko‘mirchi;5
Oltiariq tumani;Qapchug‘ay;5
Oltiariq tumani;Qaxramon;5
Oltiariq tumani;Qiziltepa;5
Oltiariq tumani;Quvurboshi;5
Oltiariq tumani;Qo‘rg‘oncha;5
Oltiariq tumani;Maorif;5
Oltiariq tumani;Mirfozil;5
Oltiariq tumani;Muqimiy;5
Oltiariq tumani;Mustaqillik;5
Oltiariq tumani;Navbaxor;5
Oltiariq tumani;Navqiron;5
Oltiariq tumani;Navoiy;5
Oltiariq tumani;Obod;5
Oltiariq tumani;Oqbo‘yra;5
Oltiariq tumani;Oq-Oltin;5
Oltiariq tumani;Olmozor;5
Oltiariq tumani;Povulg‘on;5
Oltiariq tumani;Poloson;5
Oltiariq tumani;Sertut;5
Oltiariq tumani;Tegirmonboshi;5
Oltiariq tumani;Tinchlik;5
Oltiariq tumani;Tolko‘cha;5
Oltiariq tumani;Toshkent;5
Oltiariq tumani;Toshobod;5
Oltiariq tumani;Uzumchi;5
Oltiariq tumani;Usmonobod;5
Oltiariq tumani;Ustoz;5
Oltiariq tumani;Fayziobod;5
Oltiariq tumani;Farovon;5
Oltiariq tumani;X.Olimjon;5
Oltiariq tumani;Xo‘jaqo‘rg‘on;5
Oltiariq tumani;Chinortagi;5
Oltiariq tumani;Chordara;5
Oltiariq tumani;Bo‘rbonliq;5
Oltiariq tumani;Sharq;5
Oltiariq tumani;Shodiyona;5
Oltiariq tumani;Shodlik;5
Oltiariq tumani;Eskiarab;5
Oltiariq tumani;Yuksalish;5
Oltiariq tumani;Yangiarab;5
Oltiariq tumani;Yangiaraq;5
Oltiariq tumani;Yangiqo‘rg‘on;5
Oltiariq tumani;Yangiturmush;5
Oltiariq tumani;Yangixayot;5
Oltiariq tumani;Yangichek;5
Bog‘dod tumani;Na’muna;6
Bog‘dod tumani;Amirobod;6
Bog‘dod tumani;Chekmirzaobod;6
Bog‘dod tumani;Bog‘ishamol;6
Bog‘dod tumani;Qirqvolida;6
Bog‘dod tumani;Obod yurt;6
Bog‘dod tumani;Xo‘jaqishloq;6
Bog‘dod tumani;Qaroqchitol;6
Bog‘dod tumani;Qarovultepa;6
Bog‘dod tumani;Cho‘rindi;6
Bog‘dod tumani;Qo‘shchinor;6
Bog‘dod tumani;Qashqari;6
Bog‘dod tumani;Samandarak;6
Bog‘dod tumani;Muruvat;6
Bog‘dod tumani;Navro‘z;6
Bog‘dod tumani;Qorako‘l;6
Bog‘dod tumani;Qo‘g‘oli;6
Bog‘dod tumani;Irg‘oli;6
Bog‘dod tumani;Qahat;6
Bog‘dod tumani;Chuvalanchi;6
Bog‘dod tumani;Tuvadaq;6
Bog‘dod tumani;Xitoy;6
Bog‘dod tumani;Istiqlol;6
Bog‘dod tumani;Bedarak;6
Bog‘dod tumani;Do‘rmancha;6
Bog‘dod tumani;Muqumiy;6
Bog‘dod tumani;Do‘stlik;6
Bog‘dod tumani;O‘zbekiston;6
Bog‘dod tumani;Ittifoq;6
Bog‘dod tumani;Nurafshon;6
Bog‘dod tumani;Dasht;6
Bog‘dod tumani;Qo‘shtegirmon 1;6
Bog‘dod tumani;Cho‘lyunus;6
Bog‘dod tumani;Olchin;6
Bog‘dod tumani;Qo‘shtegirmon 2;6
Bog‘dod tumani;Ultarma;6
Bog‘dod tumani;Yuksalish;6
Bog‘dod tumani;Bordon;6
Bog‘dod tumani;Cheksaroy;6
Bog‘dod tumani;Matqulobod;6
Bog‘dod tumani;Karimbobo;6
Bog‘dod tumani;Oydinbuloq;6
Bog‘dod tumani;Sayidobod;6
Bog‘dod tumani;Samarqand;6
Bog‘dod tumani;Mehnatobod;6
Bog‘dod tumani;Bag‘dod;6
Bog‘dod tumani;Zafarobod;6
Bog‘dod tumani;Begobod;6
Bog‘dod tumani;Konizar;6
Bog‘dod tumani;Sho‘raqer;6
Bog‘dod tumani;Mirzaobod;6
Bog‘dod tumani;Yuqori;6
;Mirzaobod;6
Bog‘dod tumani;Maylavoy;6
Bog‘dod tumani;Guliston;6
Bog‘dod tumani;Yangiobod;6
Bog‘dod tumani;Chekxitoy;6
Buvayda tumani;Jiydali;7
Buvayda tumani;Qo‘rg‘oncha;7
Buvayda tumani;Yangiqishloq;7
Buvayda tumani;Jaloyer;7
Buvayda tumani;Yangiqo‘rg‘on;7
Buvayda tumani;Dodxo;7
Buvayda tumani;Ing‘irchoq;7
Buvayda tumani;Beglar;7
Buvayda tumani;Maslaxat;7
Buvayda tumani;Yashnarobod;7
Buvayda tumani;Qo‘ng‘irot;7
Buvayda tumani;Tuman;7
Buvayda tumani;O‘rta Qo‘ng‘irot;7
Buvayda tumani;Cho‘mbog‘ish;7
Buvayda tumani;Dehqonobod;7
Buvayda tumani;Tarrachi;7
Buvayda tumani;Sho`r;7
Buvayda tumani;Oyim qishloq;7
Buvayda tumani;Qoratepa;7
Buvayda tumani;Bachqir;7
Buvayda tumani;Begabod;7
Buvayda tumani;Pishag`ar;7
Buvayda tumani;Poshshopirim;7
Buvayda tumani;Hasanqo`rg`oncha;7
Buvayda tumani;Oltinqo‘rg`on;7
Buvayda tumani;Qoraqum;7
Buvayda tumani;Oqqo‘rg‘on;7
Buvayda tumani;Yuqori Mang‘it;7
Buvayda tumani;Jov;7
Buvayda tumani;Cho‘taka;7
Buvayda tumani;Nayman;7
Buvayda tumani;Tepalik;7
Buvayda tumani;Buvayda;7
Buvayda tumani;Elobod;7
Buvayda tumani;Buvimozor;7
Buvayda tumani;Tog`lik;7
Buvayda tumani;Ozod;7
Buvayda tumani;Qilovtepa;7
Buvayda tumani;Xo`jaobod;7
Buvayda tumani;Xakimto‘ra;7
Buvayda tumani;Urganji;7
Buvayda tumani;Qum;7
Buvayda tumani;Beshterak;7
Buvayda tumani;Shodlik;7
Buvayda tumani;Arab;7
Buvayda tumani;Turk;7
Buvayda tumani;Sho`r qishloq;7
Buvayda tumani;Yangi hayot;7
Buvayda tumani;Qo‘rg‘onobod;7
Buvayda tumani;Ponsod;7
Buvayda tumani;Oqtepa;7
Buvayda tumani;Yangiqadam;7
Buvayda tumani;Uzumzor;7
Beshariq tumani;Kapayangi;8
Beshariq tumani;Qiyali;8
Beshariq tumani;Qiyat-Sartol;8
Beshariq tumani;Ko‘rkam;8
Beshariq tumani;Koraqo‘yli;8
Beshariq tumani;Yangiqo‘rg‘on;8
Beshariq tumani;Kulalobod;8
Beshariq tumani;Quyi Tovul;8
Beshariq tumani;Qum;8
Beshariq tumani;Qo‘rg‘oncha;8
Beshariq tumani;Iftixor;8
Beshariq tumani;Ma’rifat;8
Beshariq tumani;Quyi Zarqaynar;8
Beshariq tumani;Do‘stlik;8
Beshariq tumani;Beshsari;8
Beshariq tumani;Dehqonobod;8
Beshariq tumani;Hamid Olimjon;8
Beshariq tumani;Gambay;8
Beshariq tumani;Vorux-Dasht;8
Beshariq tumani;Vatan;8
Beshariq tumani;Bo‘ston;8
Beshariq tumani;Buloqboshi;8
Beshariq tumani;Beshkapa;8
Beshariq tumani;Abduvay;8
Beshariq tumani;Abdurazzoq Ota;8
Beshariq tumani;Ariqboshi;8
Beshariq tumani;Dehqonto‘da;8
Beshariq tumani;Navbahor;8
Beshariq tumani;Shoberdi;8
Beshariq tumani;Namuna;8
Beshariq tumani;Yangi Xayot;8
Beshariq tumani;Yangi Rapqon;8
Beshariq tumani;Yangi;8
Beshariq tumani;Qashqar;8
Beshariq tumani;Yakkatut;8
Beshariq tumani;Yuqori Tovul;8
Beshariq tumani;Yuqori Zarqaynar;8
Beshariq tumani;Eshon;8
Beshariq tumani;Shodlikobod;8
Beshariq tumani;Baxmal;8
Beshariq tumani;Chorbog‘to‘rang‘i;8
Beshariq tumani;Andarxon;8
Beshariq tumani;Navkat;8
Beshariq tumani;Chimboy;8
Beshariq tumani;Fayziobod;8
Beshariq tumani;O‘ttizzombor;8
Beshariq tumani;Uzun;8
Beshariq tumani;Toshariq;8
Beshariq tumani;Telov;8
Beshariq tumani;Soylabi;8
Beshariq tumani;Sobirtepa;8
Beshariq tumani;Rapqon;8
Beshariq tumani;Pastki Yangiqo‘rg‘on;8
Beshariq tumani;Oltinko‘l;8
Beshariq tumani;Obod;8
Beshariq tumani;Nurafshon;8
Beshariq tumani;Xalqlar Do‘stligi;8
Quva tumani;Rasta;9
Quva tumani;Taxtakoʻprik;9
Quva tumani;Toshkent;9
Quva tumani;Gʻalaba;9
Quva tumani;Madaniyat;9
Quva tumani;Oʻzbekiston;9
Quva tumani;M.Xasanov;9
Quva tumani;Gulobod;9
Quva tumani;Goʻzal;9
Quva tumani;Iftixor;9
Quva tumani;Quva;9
Quva tumani;Toshhovuz;9
Quva tumani;Tinchlik;9
Quva tumani;Namuna;9
Quva tumani;Qaqir;9
Quva tumani;Turk;9
Quva tumani;Yangichek;9
Quva tumani;Tolmozor;9
Quva tumani;Yangi Hayot;9
Quva tumani;Guliston;9
Quva tumani;Katta Dehqonobod;9
Quva tumani;Kattaqishloq;9
Quva tumani;Jalayer;9
Quva tumani;Qashqar;9
Quva tumani;Mustaqillik;9
Quva tumani;Oʻraboshi;9
Quva tumani;Soykeldi;9
Quva tumani;Bahor;9
Quva tumani;Sanoatchilar;9
Quva tumani;Ittifoq;9
Quva tumani;Sultonobod;9
Quva tumani;Xonobod;9
Quva tumani;Baynalmilal;9
Quva tumani;Qalinpoʻstin;9
Quva tumani;Paxtakor;9
Quva tumani;Chilon;9
Quva tumani;Qayirma;9
Quva tumani;Nayman;9
Quva tumani;Sufi;9
Quva tumani;Akbarobod;9
Quva tumani;Damariq;9
Quva tumani;Kandabuloq;9
Quva tumani;Oltinariq;9
Quva tumani;Yuziya;9
Quva tumani;Soyguzar;9
Uchko‘prik tumani;Tinchlik;10
Uchko‘prik tumani;Uchko‘prik;10
Uchko‘prik tumani;Zig‘ir;10
Uchko‘prik tumani;Yangi bog‘;10
Uchko‘prik tumani;Yakkatut;10
Uchko‘prik tumani;Mergan;10
Uchko‘prik tumani;CHorbog‘;10
Uchko‘prik tumani;Begmurod;10
Uchko‘prik tumani;Mashad;10
Uchko‘prik tumani;Puchug‘oy;10
Uchko‘prik tumani;Sulton;10
Uchko‘prik tumani;Tepaqo‘rg‘on;10
Uchko‘prik tumani;Boboshbek;10
Uchko‘prik tumani;Istiqbol;10
Uchko‘prik tumani;Paloxon;10
Uchko‘prik tumani;Yulg‘unzor;10
Uchko‘prik tumani;Yangi yo‘l;10
Uchko‘prik tumani;Oqsuv;10
Uchko‘prik tumani;Qurbonqashqar;10
Uchko‘prik tumani;Sariqo‘rg‘on;10
Uchko‘prik tumani;Tojik;10
Uchko‘prik tumani;Yangiyer;10
Uchko‘prik tumani;Oltin vodiy;10
Uchko‘prik tumani;Katta Kenagas;10
Uchko‘prik tumani;Begobod;10
Uchko‘prik tumani;Kattaqashqar;10
Uchko‘prik tumani;Katta Qo‘shtepa;10
Uchko‘prik tumani;Kichik Kenagas;10
Uchko‘prik tumani;Katta Qorako‘l;10
Uchko‘prik tumani;Olmurod;10
Uchko‘prik tumani;To‘qsonqovun;10
Uchko‘prik tumani;Farovon;10
Uchko‘prik tumani;Yangiobod;10
Uchko‘prik tumani;Yangiqishloq;10
Uchko‘prik tumani;Turg‘oq;10
Uchko‘prik tumani;Baxrin;10
Uchko‘prik tumani;Hasanqora;10
Uchko‘prik tumani;Yakkamulla;10
Uchko‘prik tumani;Navro‘z;10
Uchko‘prik tumani;Sobirjon;10
Uchko‘prik tumani;CHang;10
Uchko‘prik tumani;Qorayantoq;10
Uchko‘prik tumani;G‘ozi-G‘ijdon;10
Uchko‘prik tumani;G‘ijdon;10
Uchko‘prik tumani;Mirzaxo‘ja;10
Uchko‘prik tumani;Qumariq;10
Uchko‘prik tumani;Beshkapa;10
Uchko‘prik tumani;Mehnatobod;10
Uchko‘prik tumani;Soy bo‘yi;10
Uchko‘prik tumani;Bog‘i bo‘ston;10
Uchko‘prik tumani;Nihol;10
Rishton tumani;Chung‘ara;11
Rishton tumani;T.Axmedov;11
Rishton tumani;Dutir;11
Rishton tumani;Xurramobod;11
Rishton tumani;Kalaynav;11
Rishton tumani;Beshkapa KFY;11
Rishton tumani;Bulokboshi;11
Rishton tumani;Pastki Bulokboshi;11
Rishton tumani;Jalaer;11
Rishton tumani;Yukori Beshkapa;11
Rishton tumani;Pastki Beshkapa;11
Rishton tumani;Guzar;11
Rishton tumani;Turaobod;11
Rishton tumani;Arik buyi;11
Rishton tumani;Yukori Avazboy;11
Rishton tumani;Kuyi Avazboy;11
Rishton tumani;Jaxonobod;11
Rishton tumani;Suxobod;11
Rishton tumani;Mexnatobod;11
Rishton tumani;Zoxidon;11
Rishton tumani;Yoshlik;11
Rishton tumani;Guliston;11
Rishton tumani;Amirobod;11
Rishton tumani;Polvonobod;11
Rishton tumani;Mevazor;11
Rishton tumani;CHek Jalaer KFY;11
Rishton tumani;Voxim;11
Rishton tumani;CHek Nasriddin;11
Rishton tumani;Bujay;11
Rishton tumani;Buston;11
Rishton tumani;Yangi Bujay;11
Rishton tumani;Uyrat SHFY;11
Rishton tumani;Pandigon;11
Rishton tumani;Dasht Pandigon;11
Rishton tumani;Chubirgon;11
Rishton tumani;Kurgoncha;11
Rishton tumani;Dasht Tegirmon;11
Rishton tumani;Kayragoch KFY;11
Rishton tumani;Soxibkor;11
Rishton tumani;Birlashgan;11
Rishton tumani;Ok tomir;11
Rishton tumani;Xojikishlok;11
Rishton tumani;Ok yer;11
Rishton tumani;Uch arik;11
Rishton tumani;Yoyilma KFY;11
Rishton tumani;Navbaxor;11
Rishton tumani;Ok oltin KFY;11
Rishton tumani;Yangi yul;11
Rishton tumani;Minor;11
Rishton tumani;Kozi Axror;11
Rishton tumani;Koshkayron;11
Rishton tumani;Ar Roshidoniy;11
Rishton tumani;Istikbol;11
Rishton tumani;Dexkonobod;11
Rishton tumani;A.Navoiy;11
Rishton tumani;Zar Arik;11
Rishton tumani;Daxbed;11
Rishton tumani;Anxor bo‘yi;11
Rishton tumani;Chinnigaron;11
Rishton tumani;Toshogolik;11
Rishton tumani;Miskin;11
Rishton tumani;Markaz;11
Rishton tumani;Nosgar;11
Rishton tumani;Bogiston;11
Rishton tumani;M.Topivoldiyev;11
Rishton tumani;Xujailgor;11
Rishton tumani;Abdullabayon;11
Rishton tumani;Yangi avlod;11
So‘x tumani;Rovon;12
So‘x tumani;Navobod;12
So‘x tumani;Yangiariq;12
So‘x tumani;Oftobru;12
So‘x tumani;Sarikanda;12
So‘x tumani;Saribozorcha;12
So‘x tumani;Kal’a;12
So‘x tumani;Xazrati ali;12
So‘x tumani;Lenburg;12
So‘x tumani;Tul;12
So‘x tumani;Kalacha;12
So‘x tumani;Devayron;12
So‘x tumani;Gaznov;12
So‘x tumani;Chashma;12
So‘x tumani;Zangat;12
So‘x tumani;Demursad;12
So‘x tumani;Guliston;12
So‘x tumani;Chumokcha;12
So‘x tumani;Sux;12
So‘x tumani;Mulgon;12
So‘x tumani;Xushyor;12
Toshloq tumani;Toshloq;13
Toshloq tumani;Shodlik;13
Toshloq tumani;Suvboshi;13
Toshloq tumani;Furqat;13
Toshloq tumani;Do‘stlik;13
Toshloq tumani;Sadda;13
Toshloq tumani;Teraktagi;13
Toshloq tumani;Konizar;13
Toshloq tumani;Kattako‘cha;13
Toshloq tumani;So‘filar;13
Toshloq tumani;So‘kchilik;13
Toshloq tumani;Qo‘rg‘oncha;13
Toshloq tumani;Xamrak;13
Toshloq tumani;Qamchipurush;13
Toshloq tumani;Piyozchilik;13
Toshloq tumani;Axshak;13
Toshloq tumani;Yakkovut;13
Toshloq tumani;Qanjirg‘a;13
Toshloq tumani;Axshakguzar;13
Toshloq tumani;Tog‘liq;13
Toshloq tumani;Xotinqumi;13
Toshloq tumani;Varzak;13
Toshloq tumani;Qipchoqariq;13
Toshloq tumani;O‘zbekiston;13
Toshloq tumani;Bo‘ston;13
Toshloq tumani;Zarkent;13
Toshloq tumani;Jarqishloq;13
Toshloq tumani;Chuqurqishloq;13
Toshloq tumani;Yangiyo‘l;13
Toshloq tumani;Turvat;13
Toshloq tumani;Yuqoriqishloq;13
Toshloq tumani;Guzarboshi;13
Toshloq tumani;Soybo‘yi;13
Toshloq tumani;Ucholish;13
Toshloq tumani;Quyi Yakkatut;13
Toshloq tumani;Xo‘jaariq;13
Toshloq tumani;Obisiyo;13
Toshloq tumani;Farog‘at(Ko‘sa);13
Toshloq tumani;Qum qishloq;13
Toshloq tumani;Qumariq;13
Toshloq tumani;Nayman;13
Toshloq tumani;Chek;13
Toshloq tumani;Istiqlol;13
Toshloq tumani;Nayman bo‘ston;13
Toshloq tumani;Mexnatobod;13
Toshloq tumani;Xonariq;13
Toshloq tumani;Arabmozor;13
Toshloq tumani;Ko‘lariq;13
Toshloq tumani;Xonaqa;13
Toshloq tumani;Aylanmajar;13
Toshloq tumani;Besarang;13
O‘zbekiston tumani;A.Jomiy;14
O‘zbekiston tumani;Avg‘on;14
O‘zbekiston tumani;Begobod;14
O‘zbekiston tumani;Beruniy;14
O‘zbekiston tumani;Beshkapa;14
O‘zbekiston tumani;Bog‘i Eram;14
O‘zbekiston tumani;Bozor Yaypan;14
O‘zbekiston tumani;Buzuqqo‘rg‘on;14
O‘zbekiston tumani;Bo‘ston;14
O‘zbekiston tumani;Davlatbotir;14
O‘zbekiston tumani;Darveshobod;14
O‘zbekiston tumani;Daxana qaqir;14
O‘zbekiston tumani;Dashtxasan;14
O‘zbekiston tumani;Dasht-cho‘lpon;14
O‘zbekiston tumani;Dexqonobod;14
O‘zbekiston tumani;Do‘ngsaroy;14
O‘zbekiston tumani;Do‘stlik;14
O‘zbekiston tumani;Jonobod;14
O‘zbekiston tumani;Ziyo nursux;14
O‘zbekiston tumani;Zinasha;14
O‘zbekiston tumani;Islom;14
O‘zbekiston tumani;Kichik tagob;14
O‘zbekiston tumani;Qayqubod;14
O‘zbekiston tumani;Qaynar;14
O‘zbekiston tumani;Karimobod;14
O‘zbekiston tumani;Katta qaynar;14
O‘zbekiston tumani;Katta tagob;14
O‘zbekiston tumani;Qirqketmon;14
O‘zbekiston tumani;Kichik oqmachit;14
O‘zbekiston tumani;Qorayozbobo;14
O‘zbekiston tumani;Qoratepa;14
O‘zbekiston tumani;Qudash;14
O‘zbekiston tumani;Kul elash;14
O‘zbekiston tumani;Qulibek;14
O‘zbekiston tumani;Qumbosti;14
O‘zbekiston tumani;Qo‘rgoncha;14
O‘zbekiston tumani;Qushqunok;14
O‘zbekiston tumani;Qaynarbuloq;14
O‘zbekiston tumani;Qudashobod;14
O‘zbekiston tumani;Mevazor;14
O‘zbekiston tumani;Namuna;14
O‘zbekiston tumani;Nurli kelajak;14
O‘zbekiston tumani;Nursux;14
O‘zbekiston tumani;Obod qishloq;14
O‘zbekiston tumani;Oqmachit;14
O‘zbekiston tumani;Oqtepa;14
O‘zbekiston tumani;Oxta tagob;14
O‘zbekiston tumani;Pastkiqo‘riq;14
O‘zbekiston tumani;Rajabgardi;14
O‘zbekiston tumani;Sochtepa;14
O‘zbekiston tumani;Taraqqiyot;14
O‘zbekiston tumani;Tinchlik;14
O‘zbekiston tumani;Turkiston;14
O‘zbekiston tumani;Tuyul;14
O‘zbekiston tumani;O‘qchi;14
O‘zbekiston tumani;O‘qchi tuman;14
O‘zbekiston tumani;O‘qchi-dasht;14
O‘zbekiston tumani;Sulaymon;14
O‘zbekiston tumani;Uchbo‘lak;14
O‘zbekiston tumani;Farovon kelajak;14
O‘zbekiston tumani;Xaydarobod;14
O‘zbekiston tumani;Xotamtoy;14
O‘zbekiston tumani;Shakarobod;14
O‘zbekiston tumani;Shodlik;14
O‘zbekiston tumani;Sho‘rqishloq;14
O‘zbekiston tumani;Shursuv;14
O‘zbekiston tumani;Elchi;14
O‘zbekiston tumani;Eski Yaypan;14
O‘zbekiston tumani;Yaypan Guzar;14
O‘zbekiston tumani;Yakkatut;14
O‘zbekiston tumani;Yangi xayot;14
Farg‘ona tumani;Shoximardon;15
Farg‘ona tumani;Yordon;15
Farg‘ona tumani;Yu.Vodil;15
Farg‘ona tumani;Navruz;15
Farg‘ona tumani;Obod;15
Farg‘ona tumani;Vodil;15
Farg‘ona tumani;Xo‘ja Axmad Vale;15
Farg‘ona tumani;Sanoat;15
Farg‘ona tumani;Xosilot;15
Farg‘ona tumani;Tinchlik;15
Farg‘ona tumani;Beruniy;15
Farg‘ona tumani;Bo‘ston;15
Farg‘ona tumani;Marg‘ilon;15
Farg‘ona tumani;Dilkusho;15
Farg‘ona tumani;Yambaroq;15
Farg‘ona tumani;Novkent;15
Farg‘ona tumani;Yuksalish;15
Farg‘ona tumani;Toshqo‘rg‘on Aziz;15
Farg‘ona tumani;Shoximardonobod;15
Farg‘ona tumani;Kaptarxona;15
Farg‘ona tumani;Yoyilma;15
Farg‘ona tumani;Mexnatobod;15
Farg‘ona tumani;B.Xamjixatlik;15
Farg‘ona tumani;Log‘on;15
Farg‘ona tumani;Vaziyo;15
Farg‘ona tumani;Gulpiyon;15
Farg‘ona tumani;Xurshidi Tobon;15
Farg‘ona tumani;Mash’al;15
Farg‘ona tumani;Avval;15
Farg‘ona tumani;Birdamlik;15
Farg‘ona tumani;Mozortagi;15
Farg‘ona tumani;Qorasuv;15
Farg‘ona tumani;O‘rta qishloq;15
Farg‘ona tumani;Oqtepa;15
Farg‘ona tumani;Damko‘l;15
Farg‘ona tumani;Bo‘stonobod;15
Farg‘ona tumani;Guliston;15
Farg‘ona tumani;Oqtom;15
Farg‘ona tumani;Satkak;15
Farg‘ona tumani;Oqbilol;15
Farg‘ona tumani;Soy bo‘yi;15
Farg‘ona tumani;Qo‘riq;15
Farg‘ona tumani;Pastki Archa;15
Farg‘ona tumani;Yuqori Archa;15
Farg‘ona tumani;Chimyon;15
Farg‘ona tumani;Baxor;15
Farg‘ona tumani;Ulug‘bek;15
Farg‘ona tumani;Langar;15
Farg‘ona tumani;Qurilish;15
Farg‘ona tumani;Zilol;15
Farg‘ona tumani;Shifokor;15
Farg‘ona tumani;Do‘stlik;15
Farg‘ona tumani;Gulshan;15
Farg‘ona tumani;Dexqonobod;15
Farg‘ona tumani;Boy maxalla;15
Farg‘ona tumani;Yuqori Gulshan;15
Farg‘ona tumani;Mindon;15
Farg‘ona tumani;Markaz;15
Farg‘ona tumani;Guzar;15
Farg‘ona tumani;Xo‘roba;15
Farg‘ona tumani;Sh. Xaqiqati;15
Farg‘ona tumani;Mindonobod;15
Farg‘ona tumani;Yangi asr;15
Farg‘ona tumani;Xonqiz;15
Farg‘ona tumani;Oq Oltin;15
Farg‘ona tumani;O‘zbekiston;15
Farg‘ona tumani;Farg‘ona;15
Farg‘ona tumani;Qo‘rg‘ontepa;15
Farg‘ona tumani;Maydon;15
Farg‘ona tumani;Yangi yo‘l;15
Farg‘ona tumani;Konchilar;15
Dang‘ara tumani;Uvaysiy;16
Dang‘ara tumani;Pishqaron;16
Dang‘ara tumani;Navbaxor;16
Dang‘ara tumani;Chinobod;16
Dang‘ara tumani;G‘umoyli;16
Dang‘ara tumani;Oltiqo‘sh;16
Dang‘ara tumani;Teliming;16
Dang‘ara tumani;Naymancha;16
Dang‘ara tumani;Minglar;16
Dang‘ara tumani;Aravon;16
Dang‘ara tumani;Qashqar;16
Dang‘ara tumani;Targ‘ova;16
Dang‘ara tumani;Raxmatillo;16
Dang‘ara tumani;Boybo‘ta;16
Dang‘ara tumani;Tumor;16
Dang‘ara tumani;Qum Qiyali;16
Dang‘ara tumani;Qiyali;16
Dang‘ara tumani;Istiqlol;16
Dang‘ara tumani;Taypoq;16
Dang‘ara tumani;Uymovut;16
Dang‘ara tumani;Qirqlar;16
Dang‘ara tumani;Arziktepa;16
Dang‘ara tumani;Yangi zamon;16
Dang‘ara tumani;Qizilmusht;16
Dang‘ara tumani;Katta amirobod;16
Dang‘ara tumani;Sanam;16
Dang‘ara tumani;Mang‘it;16
Dang‘ara tumani;Soy shildir;16
Dang‘ara tumani;Oqtepa;16
Dang‘ara tumani;Shopo‘lat;16
Dang‘ara tumani;Katta boybucha;16
Dang‘ara tumani;Qiyali qo‘rg‘oncha;16
Dang‘ara tumani;Yashik;16
Dang‘ara tumani;Bo‘riqum;16
Dang‘ara tumani;Qora mulla;16
Dang‘ara tumani;Urganji;16
Dang‘ara tumani;Oqjar;16
Dang‘ara tumani;Taptiqsaroy;16
Dang‘ara tumani;Kapasaroy;16
Dang‘ara tumani;Abdusamad;16
Dang‘ara tumani;Doimobod;16
Dang‘ara tumani;Bog‘ish;16
Dang‘ara tumani;Katta turk;16
Dang‘ara tumani;Kichik turk;16
Furqat tumani;Istiqlol;17
Furqat tumani;Navbahor;17
Furqat tumani;Chirkay;17
Furqat tumani;Chilgi jiyda;17
Furqat tumani;Qo’qonboy;17
Furqat tumani;Boltako’l;17
Furqat tumani;Eski;17
Furqat tumani;Ardaxshon;17
Furqat tumani;Turg‘ay;17
Furqat tumani;Shunqor;17
Furqat tumani;Qizilqiyok;17
Furqat tumani;Jangketmon;17
Furqat tumani;Xayit;17
Furqat tumani;Eshon;17
Furqat tumani;Katta Yangi;17
Furqat tumani;Kichik Yangi;17
Furqat tumani;Chek ko’prik;17
Furqat tumani;Tomosha;17
Furqat tumani;Ko’k do’ppi;17
Furqat tumani;Yangi;17
Furqat tumani;Qushchi;17
Furqat tumani;Kaldushan;17
Furqat tumani;Jaloer;17
Furqat tumani;Karmak;17
Furqat tumani;Ingichka;17
Furqat tumani;O’rtaqo’rgon;17
Furqat tumani;Shoyimbek;17
Furqat tumani;Bekobod;17
Furqat tumani;G’uncha;17
Furqat tumani;Chekchuvaldok;17
Furqat tumani;Besh og’a;17
Furqat tumani;Polvontosh;17
Furqat tumani;Sho’r;17
Furqat tumani;G’allakor;17
Yozyovon tumani;Yozyovon;18
Yozyovon tumani;Baxor;18
Yozyovon tumani;Navro‘z;18
Yozyovon tumani;Markaziy Farg‘ona;18
Yozyovon tumani;Qo‘rg‘oncha;18
Yozyovon tumani;Ittifoq;18
Yozyovon tumani;Beruniy;18
Yozyovon tumani;Toshxovuz;18
Yozyovon tumani;Guliston;18
Yozyovon tumani;Yuqori soybo‘yi;18
Yozyovon tumani;Soybo‘yi;18
Yozyovon tumani;Mustaxkam Do‘stlik;18
Yozyovon tumani;Xonobod;18
Yozyovon tumani;Soyyoni;18
Yozyovon tumani;Yoshlik;18
Yozyovon tumani;Suvliariq;18
Yozyovon tumani;Qorasoqol;18
Yozyovon tumani;Yuqori;18
Yozyovon tumani;Qatortol;18
Yozyovon tumani;Ijodkor;18
Yozyovon tumani;Istiqlol;18
Yozyovon tumani;Qorasoy;18
Yozyovon tumani;Taraqqiyot;18
Yozyovon tumani;Cho‘lguliston;18
Yozyovon tumani;Qoratepa;18
Yozyovon tumani;Do‘stlik;18
Yozyovon tumani;Guzarboshi;18
Yozyovon tumani;Porloq;18
Yozyovon tumani;Ishtirxon;18
Yozyovon tumani;Gaston;18
Yozyovon tumani;Yangiobod;18
Yozyovon tumani;Yangibo‘ston;18
Qo'shtepa tumani;Quvurboshi;19
Qo'shtepa tumani;Borot;19
Qo'shtepa tumani;Namuna;19
Qo'shtepa tumani;Nurafshon;19
Qo'shtepa tumani;Oqtepa;19
Qo'shtepa tumani;Paxtakor;19
Qo'shtepa tumani;Sarmazor;19
Qo'shtepa tumani;Soy bo‘yi;19
Qo'shtepa tumani;Solijonobod;19
Qo'shtepa tumani;Soxibkor;19
Qo'shtepa tumani;O‘qchi;19
Qo'shtepa tumani;Baland masjid;19
Qo'shtepa tumani;O‘rta O‘qchi;19
Qo'shtepa tumani;Xalqobod;19
Qo'shtepa tumani;Xumdon;19
Qo'shtepa tumani;Xo‘jaqishloq;19
Qo'shtepa tumani;Shakar;19
Qo'shtepa tumani;Shahartepa;19
Qo'shtepa tumani;Shodlik;19
Qo'shtepa tumani;Shomirza;19
Qo'shtepa tumani;Eshonguzar;19
Qo'shtepa tumani;Yangi Do‘kon;19
Qo'shtepa tumani;Yangiariq;19
Qo'shtepa tumani;Fayz;19
Qo'shtepa tumani;Langar;19
Qo'shtepa tumani;Loyson;19
Qo'shtepa tumani;Ko‘prikboshi;19
Qo'shtepa tumani;Vatan;19
Qo'shtepa tumani;Garmdon;19
Qo'shtepa tumani;G‘ishtmon;19
Qo'shtepa tumani;Dehqonobod;19
Qo'shtepa tumani;Do‘rmon;19
Qo'shtepa tumani;Do‘stlik;19
Qo'shtepa tumani;Istiqbol;19
Qo'shtepa tumani;Istiqlol;19
Qo'shtepa tumani;Qo‘rg‘oncha;19
Qo'shtepa tumani;Qayrag‘och;19
Qo'shtepa tumani;Yo‘ldoshobod;19
Qo'shtepa tumani;Karnaychi;19
Qo'shtepa tumani;Katta beshkapa;19
Qo'shtepa tumani;Kattaboltako‘l;19
Qo'shtepa tumani;Qizilariq;19
Qo'shtepa tumani;Qiyqi;19
Qo'shtepa tumani;Kichik beshkapa;19
Qo'shtepa tumani;Qorajiyda;19
Qo'shtepa tumani;Qorakaltak;19
Qo'shtepa tumani;Qoraqushchi;19
Qo'shtepa tumani;Qumtepa;19
Qo'shtepa tumani;Qamishtepa;19
